{
  "train_loss": [
    1.2679091816266814,
    1.0475655703075328,
    0.9927926157887689,
    0.8567465225212835,
    0.7207719096779331,
    0.6484489723711857,
    0.5916350544811689
  ],
  "train_acc": [
    48.31770071422425,
    53.97125892780311,
    56.06230100679804,
    60.00344204457448,
    65.39884691506755,
    68.092246794596,
    70.51888821960245
  ],
  "val_loss": [
    1.0786146846219027,
    0.9843068104429343,
    0.9433392348772881,
    0.7698111178999913,
    0.796077946924262,
    0.7188208649299809,
    0.7038445013648865
  ],
  "val_acc": [
    53.31325301204819,
    53.95869191049914,
    55.89500860585198,
    63.123924268502584,
    59.6815834767642,
    66.09294320137694,
    67.59896729776248
  ]
}